global_step,eval_loss,train_loss
73,3.0097682350560238,3.5162813663482666
146,0.09382971062471993,0.04100621119141579
